{
  "temperature": 0.95,
  "downfall": 0.1,
  "precipitation": "none",
  "effects": {
    "sky_color": 1,
    "fog_color": 0,
    "water_color": 0,
    "water_fog_color": 0,
    "grass_color": 0,
    "ambient_sound": "tardis:tardis.interior",
    "additions_sound": {
      "sound": "tardis:tardis.cloister_bell",
      "tick_chance": 0.00002
    }
  },
  "spawners": {
    "water_ambient": [],
    "ambient": [],
    "misc": [],
    "water_creature": [],
    "creature": [],
    "monster": []
  },
  "spawn_costs": {},
  "carvers": {
    "air": [
      "minecraft:cave",
      "minecraft:canyon"
    ]
  },
  "features": [
    [],
    [],
    [],
    [],
    [],
    [],
    [],
    [],
    [],
    [
      "tardis:tardis/barrier"
    ],
    [
      "minecraft:freeze_top_layer"
    ]
  ]
}
