{
  "type": "tardis:tardis",
  "generator": {
    "type": "minecraft:noise",
    "settings": "tardis:tardis",
    "biome_source": {
      "type": "minecraft:multi_noise",
      "biomes": [
        {
          "biome": "tardis:tardis/tardis",
          "parameters": {
            "temperature": 0,
            "humidity": 1,
            "continentalness": 0,
            "erosion": 0,
            "weirdness": 0,
            "depth": 0,
            "offset": 0
          }
        }
      ]
    }
  }
}