{
	"powers": [
		"origins-plus-plus:moth/climbing",
		"origins-plus-plus:moth/compound_vision",
		"origins-plus-plus:moth/easy_evasion",
		"origins-plus-plus:moth/explusion",
		"origins-plus-plus:moth/flammable_body",
		"origins-plus-plus:moth/glowaffinity",
		"origins-plus-plus:moth/jackoaffinity",
		"origins-plus-plus:moth/light_affinity",
		"origins-plus-plus:moth/lightweight",
		"origins-plus-plus:moth/overwhelming_light",
		"origins-plus-plus:moth/sea_light",
		"origins-plus-plus:moth/short",
		"origins-plus-plus:moth/soulaffinity",
		"origins-plus-plus:moth/soulaffinity_two",
		"viewersmp:moth/wings"
	],
	"icon": "minecraft:lantern",
	"impact": 2,
	"loading_priority": 10,
	"name": "Moth",
	"description": "The light calls to you."
}
