{
	"powers": [
		"origins-plus-plus:mothling/boost",
		"viewersmp:mothling/flight",
		"origins-plus-plus:mothling/hidediet",
		"origins-plus-plus:mothling/lantern",
		"origins-plus-plus:mothling/leatherdiet",
		"origins-plus-plus:mothling/lifespan",
		"origins-plus-plus:mothling/nofood",
		"origins-plus-plus:mothling/small",
		"origins-plus-plus:mothling/soundeffect",
		"origins-plus-plus:mothling/weight",
		"origins-plus-plus:mothling/zapper"
	],
	"icon": "minecraft:rabbit_hide",
	"impact": 3,
	"loading_priority": 10,
	"name": "Mothling",
	"description":"A Mothling is a winged moth-like creature that originally evolved in the taiga biome before adapting and spreading to the rest of the overworld."
}