{
  "type": "origins:active_self",
  "entity_action": {
    "type": "origins:execute_command",
    "command": "function tardis:summon",
    "permission_level": 4
  },
  "condition":
  {      
    "type": "origins:on_block"
  },
  "name": "TARDIS",
  "description": "You can call the TARDIS to you.",
  "key": {
      "key": "key.origins.primary_active",
      "continuous": false
  },
  "cooldown": 120,
  "hud_render": {
    "should_render": true,
    "sprite_location": "origins:textures/gui/community/spiderkolo/resource_bar_03.png",
    "bar_index": 23
  }
}