{
  "sea_level": 0,
  "disable_mob_generation": false,
  "aquifers_enabled": false,
  "ore_veins_enabled": false,
  "legacy_random_source": false,
  "default_block": {
    "Name": "minecraft:air"
  },
  "default_fluid": {
    "Name": "minecraft:water",
    "Properties": {
      "level": "0"
    }
  },
  "noise": {
    "min_y": 0,
    "height": 256,
    "size_horizontal": 4,
    "size_vertical": 4
  },
  "noise_router": {
    "barrier": 0,
    "fluid_level_floodedness": 0,
    "fluid_level_spread": 0,
    "lava": 0,
    "temperature": 0,
    "vegetation": 0,
    "continents": 0,
    "erosion": 0,
    "depth": 0,
    "ridges": 0,
    "initial_density_without_jaggedness": 0,
    "final_density": 0,
    "vein_toggle": 0,
    "vein_ridged": 0,
    "vein_gap": 0
  },
  "spawn_target": [],
  "surface_rule": {
    "type": "minecraft:sequence",
    "sequence": []
  }
}
